{
  "faithfulness": 0.7470912659806327,
  "answer_relevancy": 0.9300699141640981,
  "context_precision": 0.9526604068468894,
  "context_recall": 0.673230162712023
}