{
  "faithfulness": 0.6300624371010601,
  "answer_relevancy": 0.3021731682859307,
  "context_precision": 0.14416666666023611,
  "context_recall": 0.18
}