{
  "faithfulness": 0.6354293733971502,
  "answer_relevancy": 0.9066836225642203,
  "context_precision": 0.004385964911842105,
  "context_recall": 0.9868421052631579
}